"World","The Earth",7674575000
"Continent","Asia",4010000000
"Continent","Africa",944000000
"Continent","Europe",733000000
"Continent","North America",523000000
"Continent","South America",381000000
"Continent","Australia",34000000
"State Country","United States of America",324459463
"State Country","Federative Republic of Brazil",209288278
"State Country","United Mexican States",129163276
"State Country","Republic of Colombia",49065615
"State Country","Argentine Republic",44271041
"State Country","Canada",36624199
"State Country","Republic of Peru",32165485
"State Country","Bolivarian Republic of Venezuela",31977065
"State Country","Republic of Chile",18054726
"State Country","Republic of Guatemala",16913503
"State Country","Republic of Ecuador",16624858
"State Country","Republic of Cuba",11484636
"State Country","Plurinational state of Bolivia",11051600
"State Country","Republic of Haiti",10981229
"State Country","Dominican Republic",10766998
"State Country","Republic of Honduras",9265067
"State Country","Republic of Paraguay",6811297
"State Country","Republic of El Salvador",6377853
"State Country","Republic of Nicaragua",6217581
"State Country","Republic of Costa Rica",4905769
"State Country","Republic of Panama",4098587
"State Country","Eastern Republic of Uruguay",3456750
"State Country","Jamaica",2890299
"State Country","Republic of Trinidad and Tobago",1369125
"State Country","Cooperative Republic of Guyana",777859
"State Country","Republic of Suriname",563402
"State Country","Commonwealth of the Bahamas",395361
"State Country","Belize",374681
"State Country","Barbados",285719
"State Country","Saint Lucia",178844
"State Country","Saint Vincent and the Grenadines",109897
"State Country","State of Grenada",107825
"State Country","Antigua and Barbuda",102012
"State Country","Commonwealth of Dominica",73925
"State Country","Federation of St. Kitts and Nevis",55345
"Region or State","California",39557045
"Region or State","Texas",28701845
"Region or State","Florida",21299325
"Region or State","New York",19542209
"Region or State","Pennsylvania",12807060
"Region or State","Illinois",12741080
"Region or State","Ohio",11689442
"Region or State","Georgia",10519475
"Region or State","North Carolina",10383620
"Region or State","Michigan",9995915
"Region or State","New Jersey",8908520
"Region or State","Virginia",8517685
"Region or State","Washington",7535591
"Region or State","Arizona",7171646
"Region or State","Massachusetts",6902149
"Region or State","Tennessee",6770010
"Region or State","Indiana",6691878
"Region or State","Missouri",6126452
"Region or State","Maryland",6042718
"Region or State","Wisconsin",5813568
"Region or State","Colorado",5695564
"Region or State","Minnesota",5611179
"Region or State","South Carolina",5084127
"Region or State","Alabama",4887871
"Region or State","Louisiana",4659978
"Region or State","Kentucky",4468402
"Region or State","Oregon",4190713
"Region or State","Oklahoma",3943079
"Region or State","Connecticut",3572665
"Region or State","Utah",3161105
"Region or State","Iowa",3156145
"Region or State","Nevada",3034392
"Region or State","Arkansas",3013825
"Region or State","Mississippi",2986530
"Region or State","Kansas",2911505
"Region or State","New Mexico",2095428
"Region or State","Nebraska",1929268
"Region or State","West Virginia",1805832
"Region or State","Idaho",1754208
"Region or State","Hawaii",1420491
"Region or State","New Hampshire",1356458
"Region or State","Maine",1338404
"Region or State","Montana",1062305
"Region or State","Rhode Island",1057315
"Region or State","Delaware",967171
"Region or State","South Dakota",882235
"Region or State","North Dakota",760077
"Region or State","Alaska",737438
"Region or State","District of Columbia",702455
"Region or State","Vermont",626299
"Region or State","Wyoming",577737
"Metropolitan Statistical Area","New York - Newark - Jersey City, NY-NJ-PA",19303808
"Metropolitan Statistical Area","Los Angeles - Long Beach - Anaheim, CA",13291486
"Metropolitan Statistical Area","Chicago - Naperville - Elgin, IL-IN-WI",9498716
"Metropolitan Statistical Area","Dallas - Fort Worth - Arlington, TX",7470158
"Metropolitan Statistical Area","Houston - The Woodlands - Sugar Land, TX",6997384
"Metropolitan Statistical Area","Washington - Arlington - Alexandria, DC-VA-MD-WV",6263245
"Metropolitan Statistical Area","Miami - Fort Lauderdale - Pompano Beach, FL",6198782
"Metropolitan Statistical Area","Philadelphia - Camden - Wilmington, PA-NJ-DE-MD",6096372
"Metropolitan Statistical Area","Atlanta - Sandy Springs - Alpharetta, GA",5949951
"Metropolitan Statistical Area","Boston - Cambridge - Newton, MA-NH",4875390
"Metropolitan Statistical Area","Phoenix - Mesa - Chandler, AZ",4857962
"Metropolitan Statistical Area","San Francisco - Oakland - Berkeley, CA",4729484
"Metropolitan Statistical Area","Riverside - San Bernardino - Ontario (Inland Empire), CA",4622361
"Metropolitan Statistical Area","Detroit - Warren - Dearborn, MI",4326442
"Metropolitan Statistical Area","Seattle - Tacoma - Bellevue, WA",3939363
"Metropolitan Statistical Area","Minneapolis - St. Paul - Bloomington (Twin Cities), MN-WI",3614162
"Metropolitan Statistical Area","San Diego - Chula Vista - Carlsbad, CA",3343364
"Metropolitan Statistical Area","Tampa - St. Petersburg - Clearwater (Tampa Bay Area), FL",3142663
"Metropolitan Statistical Area","Denver - Aurora - Lakewood, CO",2932415
"Metropolitan Statistical Area","St. Louis, MO-IL",2805465
"Metropolitan Statistical Area","Baltimore - Columbia - Towson, MD",2802789
"Metropolitan Statistical Area","Charlotte - Concord - Gastonia, NC-SC",2594090
"Metropolitan Statistical Area","Orlando - Kissimmee - Sanford, FL",2572962
"Metropolitan Statistical Area","San Antonio - New Braunfels, TX",2518036
"Metropolitan Statistical Area","Portland - Vancouver - Hillsboro, OR-WA",2478810
"Metropolitan Statistical Area","Sacramento - Roseville - Folsom, CA",2345210
"Metropolitan Statistical Area","Pittsburgh, PA",2324743
"Metropolitan Statistical Area","Las Vegas - Henderson - Paradise, NV",2231647
"Metropolitan Statistical Area","Cincinnati, OH-KY-IN",2212945
"Metropolitan Statistical Area","Austin - Round Rock - Georgetown, TX",2168316
"Metropolitan Statistical Area","Kansas City, MO-KS",2143651
"Metropolitan Statistical Area","Columbus, OH",2106541
"Metropolitan Statistical Area","Cleveland - Elyria, OH",2057009
"Metropolitan Statistical Area","Indianapolis - Carmel - Anderson, IN",2048703
"Metropolitan Statistical Area","San Juan - Bayamón - Caguas, PR",2023237
"Metropolitan Statistical Area","San Jose - Sunnyvale - Santa Clara, CA",1999107
"Metropolitan Statistical Area","Nashville-Davidson - Murfreesboro - Franklin, TN",1905898
"Metropolitan Statistical Area","Virginia Beach - Norfolk - Newport News (Hampton Roads), VA-NC",1765042
"Metropolitan Statistical Area","Providence - Warwick, RI-MA",1621337
"Metropolitan Statistical Area","Milwaukee - Waukesha, WI",1576113
"Metropolitan Statistical Area","Jacksonville, FL",1534701
"Metropolitan Statistical Area","Oklahoma City, OK",1396445
"Metropolitan Statistical Area","Raleigh - Cary, NC",1362540
"Metropolitan Statistical Area","Memphis, TN-MS-AR",1342349
"Metropolitan Statistical Area","Richmond, VA",1282442
"Metropolitan Statistical Area","New Orleans - Metairie, LA",1270399
"Metropolitan Statistical Area","Louisville/Jefferson County, KY-IN",1264908
"Metropolitan Statistical Area","Salt Lake City, UT",1222540
"Metropolitan Statistical Area","Hartford - East Hartford - Middletown, CT",1206300
"Metropolitan Statistical Area","Buffalo - Cheektowaga, NY",1130152
"Metropolitan Statistical Area","Birmingham - Hoover, AL",1088090
"Metropolitan Statistical Area","Grand Rapids - Kentwood, MI",1072458
"Metropolitan Statistical Area","Rochester, NY",1071082
"Metropolitan Statistical Area","Tucson, AZ",1039073
"Metropolitan Statistical Area","Fresno, CA",994400
"Metropolitan Statistical Area","Tulsa, OK",993797
"Metropolitan Statistical Area","Honolulu, HI",980080
"Metropolitan Statistical Area","Worcester, MA-CT",947866
"Metropolitan Statistical Area","Bridgeport - Stamford - Norwalk, CT",943823
"Metropolitan Statistical Area","Omaha - Council Bluffs, NE-IA",942198
"Metropolitan Statistical Area","Albuquerque, NM",915927
"Metropolitan Statistical Area","Greenville - Anderson, SC",906626
"Metropolitan Statistical Area","Bakersfield, CA",896764
"Metropolitan Statistical Area","Albany - Schenectady - Troy (Capital District), NY",883169
"Metropolitan Statistical Area","McAllen - Edinburg - Mission, TX",865939
"Metropolitan Statistical Area","Knoxville, TN",860164
"Metropolitan Statistical Area","New Haven - Milford, CT",857620
"Metropolitan Statistical Area","Baton Rouge, LA",853610
"Metropolitan Statistical Area","Oxnard - Thousand Oaks - Ventura, CA",850967
"Metropolitan Statistical Area","El Paso, TX",845553
"Metropolitan Statistical Area","Allentown - Bethlehem - Easton (Lehigh Valley), PA-NJ",842913
"Metropolitan Statistical Area","Columbia, SC",832666
"Metropolitan Statistical Area","North Port - Sarasota - Bradenton, FL",821573
"Metropolitan Statistical Area","Dayton - Kettering, OH",806548
"Metropolitan Statistical Area","Charleston - North Charleston, SC",787643
"Metropolitan Statistical Area","Greensboro - High Point (Piedmont Triad), NC",767711
"Metropolitan Statistical Area","Cape Coral - Fort Myers, FL",754610
"Metropolitan Statistical Area","Stockton, CA",752660
"Metropolitan Statistical Area","Little Rock - North Little Rock - Conway, AR",741104
"Metropolitan Statistical Area","Colorado Springs, CO",738939
"Metropolitan Statistical Area","Boise City, ID",730426
"Metropolitan Statistical Area","Lakeland - Winter Haven, FL",708009
"Metropolitan Statistical Area","Akron, OH",704845
"Metropolitan Statistical Area","Springfield, MA",702724
"Metropolitan Statistical Area","Des Moines - West Des Moines, IA",692556
"Metropolitan Statistical Area","Poughkeepsie - Newburgh - Middletown, NY",675669
"Metropolitan Statistical Area","Ogden - Clearfield, UT",675067
"Metropolitan Statistical Area","Winston-Salem, NC",671456
"Metropolitan Statistical Area","Madison, WI",660422
"Metropolitan Statistical Area","Deltona - Daytona Beach - Ormond Beach, FL",659605
"Metropolitan Statistical Area","Syracuse, NY",650502
"Metropolitan Statistical Area","Toledo, OH",643640
"Metropolitan Statistical Area","Wichita, KS",637578
"Metropolitan Statistical Area","Durham - Chapel Hill (Research Triangle), NC",635527
"Metropolitan Statistical Area","Provo - Orem, UT",633768
"Metropolitan Statistical Area","Augusta - Richmond County, GA-SC",604167
"Metropolitan Statistical Area","Jackson, MS",597788
"Metropolitan Statistical Area","Palm Bay - Melbourne - Titusville, FL",596849
"Metropolitan Statistical Area","Harrisburg - Carlisle, PA",574659
"Metropolitan Statistical Area","Chattanooga, TN-GA",560793
"Metropolitan Statistical Area","Spokane - Spokane Valley, WA",559891
"Metropolitan Statistical Area","Scranton - Wilkes-Barre (Wyoming Valley), PA",555485
"Metropolitan Statistical Area","Lansing - East Lansing, MI",550085
"Metropolitan Statistical Area","Modesto, CA",549815
"Metropolitan Statistical Area","Lancaster, PA",543557
"Metropolitan Statistical Area","Youngstown - Warren - Boardman (Mahoning Valley), OH-PA",538952
"Metropolitan Statistical Area","Portland - South Portland, ME",535420
"Metropolitan Statistical Area","Fayetteville - Springdale - Rogers (Northwest Arkansas), AR",526050
"Metropolitan Statistical Area","Fayetteville, NC",521308
"Metropolitan Statistical Area","Lexington - Fayette, KY",516697
"Metropolitan Statistical Area","Santa Rosa - Petaluma, CA",499942
"Metropolitan Statistical Area","Pensacola - Ferry Pass - Brent, FL",494883
"Metropolitan Statistical Area","Lafayette, LA",489364
"Metropolitan Statistical Area","Port St. Lucie, FL",482040
"Metropolitan Statistical Area","Myrtle Beach - Conway - North Myrtle Beach, SC-NC",480891
"Metropolitan Statistical Area","Reno, NV",469764
"Metropolitan Statistical Area","Springfield, MO",466978
"Metropolitan Statistical Area","Visalia, CA",465861
"Metropolitan Statistical Area","Huntsville, AL",462693
"Metropolitan Statistical Area","Asheville, NC",459585
"Metropolitan Statistical Area","Killeen - Temple, TX",451679
"Metropolitan Statistical Area","York - Hanover, PA",448273
"Metropolitan Statistical Area","Vallejo, CA",446610
"Metropolitan Statistical Area","Santa Maria - Santa Barbara, CA",446527
"Metropolitan Statistical Area","Salinas, CA",435594
"Metropolitan Statistical Area","Salem, OR",432102
"Metropolitan Statistical Area","Mobile, AL",430135
"Metropolitan Statistical Area","Corpus Christi, TX",429158
"Metropolitan Statistical Area","Brownsville - Harlingen, TX",423908
"Metropolitan Statistical Area","Reading, PA",420152
"Metropolitan Statistical Area","Gulfport - Biloxi, MS",415978
"Metropolitan Statistical Area","Manchester - Nashua, NH",415247
"Metropolitan Statistical Area","Salisbury, MD-DE",409979
"Metropolitan Statistical Area","Fort Wayne, IN",409425
"Metropolitan Statistical Area","Flint, MI",406892
"Metropolitan Statistical Area","Peoria, IL",403217
"Metropolitan Statistical Area","Anchorage, AK",399148
"Metropolitan Statistical Area","Canton - Massillon, OH",398655
"Metropolitan Statistical Area","Shreveport - Bossier City, LA",397543
"Metropolitan Statistical Area","Beaumont - Port Arthur, TX",395780
"Metropolitan Statistical Area","Savannah, GA",389494
"Metropolitan Statistical Area","Tallahassee, FL",385145
"Metropolitan Statistical Area","Davenport - Moline - Rock Island (Quad Cities), IA-IL",381451
"Metropolitan Statistical Area","Eugene - Springfield, OR",379611
"Metropolitan Statistical Area","Naples - Marco Island, FL",378488
"Metropolitan Statistical Area","Montgomery, AL",373225
"Metropolitan Statistical Area","Ann Arbor, MI",370963
"Metropolitan Statistical Area","Trenton - Princeton, NJ",369811
"Metropolitan Statistical Area","Hickory - Lenoir - Morganton (The Unifour), NC",368416
"Metropolitan Statistical Area","Ocala, FL",359977
"Metropolitan Statistical Area","Huntington - Ashland, WV-KY-OH",359228
"Metropolitan Statistical Area","Fort Collins, CO",350518
"Metropolitan Statistical Area","Rockford, IL",337658
"Metropolitan Statistical Area","Lincoln, NE",334590
"Metropolitan Statistical Area","Gainesville, FL",328982
"Metropolitan Statistical Area","Boulder, CO",326078
"Metropolitan Statistical Area","South Bend - Mishawaka, IN-MI",322424
"Metropolitan Statistical Area","Green Bay, WI",321591
"Metropolitan Statistical Area","Lubbock, TX",319068
"Metropolitan Statistical Area","Columbus, GA-AL",317922
"Metropolitan Statistical Area","Evansville, IN-KY",314672
"Metropolitan Statistical Area","Greeley, CO",314305
"Metropolitan Statistical Area","Roanoke, VA",314172
"Metropolitan Statistical Area","Spartanburg, SC",313888
"Metropolitan Statistical Area","Kingsport - Bristol, TN-VA",306616
"Metropolitan Statistical Area","Clarksville, TN-KY",305825
"Metropolitan Statistical Area","Kennewick - Richland (Tri-Cities), WA",296224
"Metropolitan Statistical Area","Wilmington (Cape Fear), NC",294436
"Metropolitan Statistical Area","Utica - Rome, NY",291410
"Metropolitan Statistical Area","Aguadilla - Isabela, PR",289735
"Metropolitan Statistical Area","Duluth, MN-WI",289457
"Metropolitan Statistical Area","Olympia - Lacey - Tumwater, WA",286419
"Metropolitan Statistical Area","Longview, TX",286143
"Metropolitan Statistical Area","Hagerstown - Martinsburg, MD-WV",285836
"Metropolitan Statistical Area","San Luis Obispo - Paso Robles, CA",284010
"Metropolitan Statistical Area","Crestview - Fort Walton Beach - Destin, FL",278644
"Metropolitan Statistical Area","Laredo, TX",275910
"Metropolitan Statistical Area","Merced, CA",274765
"Metropolitan Statistical Area","Santa Cruz - Watsonville, CA",274255
"Metropolitan Statistical Area","Cedar Rapids, IA",272295
"Metropolitan Statistical Area","Erie, PA",272061
"Metropolitan Statistical Area","Waco, TX",271942
"Metropolitan Statistical Area","Bremerton - Silverdale - Port Orchard, WA",269805
"Metropolitan Statistical Area","Norwich - New London (Southeastern Connecticut), CT",266784
"Metropolitan Statistical Area","Amarillo, TX",265947
"Metropolitan Statistical Area","Sioux Falls, SD",265653
"Metropolitan Statistical Area","Atlantic City - Hammonton, NJ",265429
"Metropolitan Statistical Area","Kalamazoo - Portage, MI",264870
"Metropolitan Statistical Area","Lynchburg, VA",263353
"Metropolitan Statistical Area","College Station - Bryan, TX",262431
"Metropolitan Statistical Area","Charleston, WV",260342
"Metropolitan Statistical Area","Tuscaloosa, AL",251808
"Metropolitan Statistical Area","Yakima, WA",251446
"Metropolitan Statistical Area","Fort Smith, AR-OK",250148
"Metropolitan Statistical Area","Fargo, ND-MN",245471
"Metropolitan Statistical Area","Binghamton, NY",240219
"Metropolitan Statistical Area","Appleton, WI",237524
"Metropolitan Statistical Area","Topeka, KS",232594
"Metropolitan Statistical Area","Prescott Valley - Prescott, AZ",231993
"Metropolitan Statistical Area","Chico, CA",231256
"Metropolitan Statistical Area","Tyler, TX",230221
"Metropolitan Statistical Area","Lafayette - West Lafayette, IN",230091
"Metropolitan Statistical Area","Macon - Bibb County, GA",229737
"Metropolitan Statistical Area","Champaign - Urbana, IL",226379
"Metropolitan Statistical Area","Bellingham, WA",225685
"Metropolitan Statistical Area","Burlington - South Burlington, VT",221083
"Metropolitan Statistical Area","Rochester, MN",219802
"Metropolitan Statistical Area","Medford, OR",219564
"Metropolitan Statistical Area","Charlottesville, VA",218233
"Metropolitan Statistical Area","Daphne - Fairhope - Foley, AL",218022
"Metropolitan Statistical Area","Hilton Head Island - Bluffton, SC",217686
"Metropolitan Statistical Area","Las Cruces, NM",217522
"Metropolitan Statistical Area","Lebanon, NH-VT",217215
"Metropolitan Statistical Area","Ponce, PR",216479
"Metropolitan Statistical Area","Barnstable Town, MA",213413
"Metropolitan Statistical Area","Yuma, AZ",212128
"Metropolitan Statistical Area","Athens - Clarke County, GA",211306
"Metropolitan Statistical Area","Lake Charles, LA",210080
"Metropolitan Statistical Area","Lake Havasu City - Kingman, AZ",209550
"Metropolitan Statistical Area","Houma - Thibodaux, LA",209136
"Metropolitan Statistical Area","Columbia, MO",207745
"Metropolitan Statistical Area","Springfield, IL",207636
"Metropolitan Statistical Area","Elkhart - Goshen, IN",205560
"Metropolitan Statistical Area","Florence, SC",204961
"Metropolitan Statistical Area","Johnson City, TN",202719
"Metropolitan Statistical Area","Monroe, LA",202203
"Metropolitan Statistical Area","Gainesville, GA",202148
"Metropolitan Statistical Area","Hilo, HI",200983
"Metropolitan Statistical Area","St. Cloud, MN",199801
"Metropolitan Statistical Area","Jacksonville, NC",197683
"Metropolitan Statistical Area","Racine, WI",196584
"Metropolitan Statistical Area","Bend, OR",191996
"Metropolitan Statistical Area","Saginaw, MI",190800
"Metropolitan Statistical Area","Terre Haute, IN",186652
"Metropolitan Statistical Area","Panama City, FL",185287
"Metropolitan Statistical Area","Punta Gorda, FL",184998
"Metropolitan Statistical Area","Warner Robins, GA",182766
"Metropolitan Statistical Area","El Centro, CA",181827
"Metropolitan Statistical Area","Torrington, CT",181111
"Metropolitan Statistical Area","Billings, MT",180385
"Metropolitan Statistical Area","Redding, CA",180040
"Metropolitan Statistical Area","Greenville, NC",179914
"Metropolitan Statistical Area","Joplin, MO",178902
"Metropolitan Statistical Area","Kingston, NY",178599
"Metropolitan Statistical Area","Dover, DE",178550
"Metropolitan Statistical Area","Midland, TX",178331
"Metropolitan Statistical Area","Jackson, TN",178254
"Metropolitan Statistical Area","Bowling Green, KY",177432
"Metropolitan Statistical Area","Yuba City, CA",174848
"Metropolitan Statistical Area","Arecibo, PR",174271
"Metropolitan Statistical Area","Muskegon, MI",173588
"Metropolitan Statistical Area","Iowa City, IA",173401
"Metropolitan Statistical Area","Bloomington, IL",172828
"Metropolitan Statistical Area","St. George, UT",171700
"Metropolitan Statistical Area","Abilene, TX",171451
"Metropolitan Statistical Area","Oshkosh - Neenah, WI",171020
"Metropolitan Statistical Area","Waterloo - Cedar Falls, IA",169659
"Metropolitan Statistical Area","East Stroudsburg, PA",169507
"Metropolitan Statistical Area","Eau Claire, WI",168669
"Metropolitan Statistical Area","Hattiesburg, MS",168267
"Metropolitan Statistical Area","Blacksburg - Christiansburg, VA",168234
"Metropolitan Statistical Area","Bloomington, IN",167762
"Metropolitan Statistical Area","Pueblo, CO",167529
"Metropolitan Statistical Area","Kahului - Wailuku - Lahaina, HI",167207
"Metropolitan Statistical Area","Burlington, NC",166436
"Metropolitan Statistical Area","Tupelo, MS",165867
"Metropolitan Statistical Area","Auburn - Opelika, AL",163941
"Metropolitan Statistical Area","Janesville - Beloit, WI",163129
"Metropolitan Statistical Area","Wausau - Weston, WI",163117
"Metropolitan Statistical Area","State College, PA",162805
"Metropolitan Statistical Area","Odessa, TX",162124
"Metropolitan Statistical Area","Coeur d'Alene, ID",161505
"Metropolitan Statistical Area","Jackson, MI",158823
"Metropolitan Statistical Area","Madera, CA",157672
"Metropolitan Statistical Area","Sebastian - Vero Beach, FL",157413
"Metropolitan Statistical Area","Chambersburg - Waynesboro, PA",154835
"Metropolitan Statistical Area","Niles, MI",154141
"Metropolitan Statistical Area","Elizabethtown - Fort Knox, KY",153378
"Metropolitan Statistical Area","Grand Junction, CO",153207
"Metropolitan Statistical Area","Alexandria, LA",153044
"Metropolitan Statistical Area","Decatur, AL",152046
"Metropolitan Statistical Area","Jefferson City, MO",151520
"Metropolitan Statistical Area","Hanford - Corcoran, CA",151366
"Metropolitan Statistical Area","Wichita Falls, TX",151306
"Metropolitan Statistical Area","Concord, NH",151132
"Metropolitan Statistical Area","Bangor, ME",151096
"Metropolitan Statistical Area","Vineland - Bridgeton, NJ",150972
"Metropolitan Statistical Area","Monroe, MI",150439
"Metropolitan Statistical Area","Texarkana, TX-AR",150242
"Metropolitan Statistical Area","Santa Fe, NM",150056
"Metropolitan Statistical Area","Albany, GA",149917
"Metropolitan Statistical Area","Traverse City, MI",149914
"Metropolitan Statistical Area","Idaho Falls, ID",148904
"Metropolitan Statistical Area","London, KY",148320
"Metropolitan Statistical Area","Dothan, AL",148245
"Metropolitan Statistical Area","Ottawa, IL",148163
"Metropolitan Statistical Area","Homosassa Springs, FL",147929
"Metropolitan Statistical Area","Florence - Muscle Shoals, AL",147149
"Metropolitan Statistical Area","Valdosta, GA",146174
"Metropolitan Statistical Area","Rocky Mount, NC",146021
"Metropolitan Statistical Area","Dalton, GA",143983
"Metropolitan Statistical Area","Sioux City, IA-NE-SD",143950
"Metropolitan Statistical Area","Flagstaff, AZ",142854
"Metropolitan Statistical Area","Pottsville, PA",142067
"Metropolitan Statistical Area","Morristown, TN",141726
"Metropolitan Statistical Area","Lebanon, PA",141314
"Metropolitan Statistical Area","Logan, UT-ID",140794
"Metropolitan Statistical Area","Morgantown, WV",140259
"Metropolitan Statistical Area","Sumter, SC",140212
"Metropolitan Statistical Area","Wheeling, WV-OH",140045
"Metropolitan Statistical Area","Rapid City, SD",140023
"Metropolitan Statistical Area","Winchester, VA-WV",139810
"Metropolitan Statistical Area","Napa, CA",139417
"Metropolitan Statistical Area","Carbondale - Marion, IL",136931
"Metropolitan Statistical Area","La Crosse - Onalaska, WI-MN",136808
"Metropolitan Statistical Area","Eureka - Arcata, CA",136373
"Metropolitan Statistical Area","Harrisonburg, VA",135277
"Metropolitan Statistical Area","Springfield, OH",134585
"Metropolitan Statistical Area","Battle Creek, MI",134487
"Metropolitan Statistical Area","Sherman - Denison, TX",133991
"Metropolitan Statistical Area","Hammond, LA",133777
"Metropolitan Statistical Area","Jonesboro, AR",132532
"Metropolitan Statistical Area","Lumberton, NC",131831
"Metropolitan Statistical Area","Johnstown, PA",131730
"Metropolitan Statistical Area","Manhattan, KS",130574
"Metropolitan Statistical Area","The Villages, FL",128754
"Metropolitan Statistical Area","Bismarck, ND",128320
"Metropolitan Statistical Area","Mount Vernon - Anacortes, WA",128206
"Metropolitan Statistical Area","Jamestown - Dunkirk - Fredonia, NY",127939
"Metropolitan Statistical Area","Albany - Lebanon, OR",127335
"Metropolitan Statistical Area","Sierra Vista - Douglas, AZ",126770
"Metropolitan Statistical Area","St. Joseph, MO-KS",126490
"Metropolitan Statistical Area","Pittsfield, MA",126348
"Metropolitan Statistical Area","Lawton, OK",126198
"Metropolitan Statistical Area","Glens Falls, NY",125462
"Metropolitan Statistical Area","New Bern, NC",125219
"Metropolitan Statistical Area","Farmington, NM",125043
"Metropolitan Statistical Area","Ames, IA",124451
"Metropolitan Statistical Area","Cleveland, TN",123625
"Metropolitan Statistical Area","Goldsboro, NC",123248
"Metropolitan Statistical Area","Staunton, VA",123007
"Metropolitan Statistical Area","Altoona, PA",122492
"Metropolitan Statistical Area","Augusta - Waterville, ME",122083
"Metropolitan Statistical Area","Lawrence, KS",121436
"Metropolitan Statistical Area","Mansfield, OH",121099
"Metropolitan Statistical Area","San Germán, PR",121078
"Metropolitan Statistical Area","San Angelo, TX",121022
"Metropolitan Statistical Area","Wenatchee, WA",119943
"Metropolitan Statistical Area","Owensboro, KY",119114
"Metropolitan Statistical Area","Missoula, MT",118791
"Metropolitan Statistical Area","Brunswick, GA",118456
"Metropolitan Statistical Area","Holland, MI",117327
"Metropolitan Statistical Area","Beckley, WV",117272
"Metropolitan Statistical Area","Weirton - Steubenville, WV-OH",117064
"Metropolitan Statistical Area","Wooster, OH",115967
"Metropolitan Statistical Area","Sheboygan, WI",115456
"Metropolitan Statistical Area","Muncie, IN",114772
"Metropolitan Statistical Area","Anniston - Oxford, AL",114277
"Metropolitan Statistical Area","Williamsport, PA",113664
"Metropolitan Statistical Area","Cookeville, TN",112669
"Metropolitan Statistical Area","California - Lexington Park, MD",112664
"Metropolitan Statistical Area","Bozeman, MT",111876
"Metropolitan Statistical Area","Watertown - Fort Drum, NY",111755
"Metropolitan Statistical Area","Show Low, AZ",110445
"Metropolitan Statistical Area","Roseburg, OR",110283
"Metropolitan Statistical Area","Twin Falls, ID",110096
"Metropolitan Statistical Area","Kankakee, IL",110024
"Metropolitan Statistical Area","Michigan City - La Porte, IN",110007
"Metropolitan Statistical Area","Longview, WA",108987
"Metropolitan Statistical Area","Ogdensburg - Massena, NY",108047
"Metropolitan Statistical Area","Lewiston - Auburn, ME",107679
"Metropolitan Statistical Area","Richmond - Berea, KY",106566
"Metropolitan Statistical Area","Bluefield, WV-VA",106279
"Metropolitan Statistical Area","Sebring - Avon Park, FL",105424
"Metropolitan Statistical Area","Decatur, IL",104712
"Metropolitan Statistical Area","Tullahoma - Manchester, TN",104001
"Metropolitan Statistical Area","Bay City, MI",103923
"Metropolitan Statistical Area","Whitewater, WI",103718
"Metropolitan Statistical Area","LaGrange, GA-AL",103649
"Metropolitan Statistical Area","Fond du Lac, WI",103066
"Metropolitan Statistical Area","Gettysburg, PA",102811
"Metropolitan Statistical Area","Ithaca, NY",102793
"Metropolitan Statistical Area","Salem, OH",102665
"Metropolitan Statistical Area","Lima, OH",102663
"Metropolitan Statistical Area","Gadsden, AL",102501
"Metropolitan Statistical Area","Grand Forks, ND-MN",102299
"Metropolitan Statistical Area","Kalispell, MT",102106
"Metropolitan Statistical Area","Mankato, MN",101647
"Metropolitan Statistical Area","Danville, VA",101642
"Metropolitan Statistical Area","Meridian, MS",100948
"Metropolitan Statistical Area","Truckee - Grass Valley, CA",99696
"Metropolitan Statistical Area","Victoria, TX",99619
"Metropolitan Statistical Area","Hot Springs, AR",99154
"Metropolitan Statistical Area","Cheyenne, WY",98976
"Metropolitan Statistical Area","Fairbanks, AK",98971
"Metropolitan Statistical Area","Pinehurst - Southern Pines, NC",98682
"Metropolitan Statistical Area","Adrian, MI",98266
"Metropolitan Statistical Area","Rome, GA",97927
"Metropolitan Statistical Area","Cumberland, MD-WV",97915
"Metropolitan Statistical Area","Sevierville, TN",97892
"Metropolitan Statistical Area","Shelby, NC",97645
"Metropolitan Statistical Area","Ashtabula, OH",97493
"Metropolitan Statistical Area","Moses Lake, WA",97331
"Metropolitan Statistical Area","Cape Girardeau, MO-IL",96982
"Metropolitan Statistical Area","Dubuque, IA",96854
"Metropolitan Statistical Area","Paducah, KY-IL",96647
"Metropolitan Statistical Area","Albertville, AL",96109
"Metropolitan Statistical Area","Corning, NY",95796
"Metropolitan Statistical Area","Mayagüez, PR",95409
"Metropolitan Statistical Area","Pocatello, ID",94906
"Metropolitan Statistical Area","Brainerd, MN",94408
"Metropolitan Statistical Area","Clarksburg, WV",92822
"Metropolitan Statistical Area","Ocean City, NJ",92560
"Metropolitan Statistical Area","New Philadelphia - Dover, OH",92176
"Metropolitan Statistical Area","Corvallis, OR",92101
"Metropolitan Statistical Area","Sunbury, PA",91083
"Metropolitan Statistical Area","Parkersburg - Vienna, WV",90033
"Metropolitan Statistical Area","Pine Bluff, AR",89515
"Metropolitan Statistical Area","Hermiston - Pendleton, OR",88888
"Metropolitan Statistical Area","Beaver Dam, WI",87847
"Metropolitan Statistical Area","Ukiah, CA",87606
"Metropolitan Statistical Area","Grants Pass, OR",87393
"Metropolitan Statistical Area","Lufkin, TX",87092
"Metropolitan Statistical Area","Orangeburg, SC",86934
"Metropolitan Statistical Area","Yauco, PR",86532
"Metropolitan Statistical Area","New Castle, PA",86184
"Metropolitan Statistical Area","Zanesville, OH",86183
"Metropolitan Statistical Area","Russellville, AR",85535
"Metropolitan Statistical Area","Watertown - Fort Atkinson, WI",85129
"Metropolitan Statistical Area","Meadville, PA",85063
"Metropolitan Statistical Area","Laurel, MS",84889
"Metropolitan Statistical Area","Indiana, PA",84501
"Metropolitan Statistical Area","Oak Harbor, WA",84460
"Metropolitan Statistical Area","Elmira, NY",84254
"Metropolitan Statistical Area","Bloomsburg - Berwick, PA",83696
"Metropolitan Statistical Area","Cullman, AL",83442
"Metropolitan Statistical Area","Midland, MI",83209
"Metropolitan Statistical Area","Opelousas, LA",82764
"Metropolitan Statistical Area","Columbus, IN",82753
"Metropolitan Statistical Area","Kokomo, IN",82366
"Metropolitan Statistical Area","Athens, TX",82299
"Metropolitan Statistical Area","Stillwater, OK",82040
"Metropolitan Statistical Area","Great Falls, MT",81643
"Metropolitan Statistical Area","Wilson, NC",81455
"Metropolitan Statistical Area","Helena, MT",80797
"Metropolitan Statistical Area","Plattsburgh, NY",80695
"Metropolitan Statistical Area","Hinesville, GA",80495
"Metropolitan Statistical Area","Talladega - Sylacauga, AL",79828
"Metropolitan Statistical Area","Centralia, WA",79604
"Metropolitan Statistical Area","DuBois, PA",79388
"Metropolitan Statistical Area","Warsaw, IN",79344
"Metropolitan Statistical Area","Casper, WY",79115
"Metropolitan Statistical Area","Manitowoc, WI",79074
"Metropolitan Statistical Area","Searcy, AR",78727
"Metropolitan Statistical Area","Seneca, SC",78374
"Metropolitan Statistical Area","Glenwood Springs, CO",77720
"Metropolitan Statistical Area","Statesboro, GA",77296
"Metropolitan Statistical Area","Auburn, NY",77145
"Metropolitan Statistical Area","Chillicothe, OH",76931
"Metropolitan Statistical Area","Olean, NY",76840
"Metropolitan Statistical Area","Danville, IL",76806
"Metropolitan Statistical Area","Port Angeles, WA",76737
"Metropolitan Statistical Area","Keene, NH",76493
"Metropolitan Statistical Area","Minot, ND",75934
"Metropolitan Statistical Area","Findlay, OH",75930
"Metropolitan Statistical Area","Grand Island, NE",75808
"Metropolitan Statistical Area","Quincy, IL-MO",75546
"Metropolitan Statistical Area","Portsmouth, OH",75502
"Metropolitan Statistical Area","Heber, UT",75173
"Metropolitan Statistical Area","Key West, FL",75027
"Metropolitan Statistical Area","Sandusky, OH",74615
"Metropolitan Statistical Area","Palatka, FL",74163
"Metropolitan Statistical Area","Somerset, PA",73952
"Metropolitan Statistical Area","Aberdeen, WA",73901
"Metropolitan Statistical Area","Frankfort, KY",73478
"Metropolitan Statistical Area","Wisconsin Rapids - Marshfield, WI",73055
"Metropolitan Statistical Area","Guayama, PR",73000
"Metropolitan Statistical Area","Shawnee, OK",72679
"Metropolitan Statistical Area","Huntsville, TX",72480
"Metropolitan Statistical Area","Gallup, NM",72290
"Metropolitan Statistical Area","Kapaa, HI",72133
"Metropolitan Statistical Area","Mount Airy, NC",71948
"Metropolitan Statistical Area","Fort Payne, AL",71385
"Metropolitan Statistical Area","Stevens Point, WI",70942
"Metropolitan Statistical Area","Greenwood, SC",70741
"Metropolitan Statistical Area","Mount Pleasant, MI",70562
"Metropolitan Statistical Area","Lake City, FL",70503
"Metropolitan Statistical Area","Jefferson, GA",70422
"Metropolitan Statistical Area","Roanoke Rapids, NC",70250
"Metropolitan Statistical Area","Hobbs, NM",69611
"Metropolitan Statistical Area","Morehead City, NC",69524
"Metropolitan Statistical Area","Greeneville, TN",69087
"Metropolitan Statistical Area","North Wilkesboro, NC",68557
"Metropolitan Statistical Area","Muskogee, OK",68362
"Metropolitan Statistical Area","Klamath Falls, OR",67653
"Metropolitan Statistical Area","Forest City, NC",66826
"Metropolitan Statistical Area","Alamogordo, NM",66781
"Metropolitan Statistical Area","Farmington, MO",66692
"Metropolitan Statistical Area","Faribault - Northfield, MN",66523
"Metropolitan Statistical Area","Marquette, MI",66516
"Metropolitan Statistical Area","Marion, IN",65936
"Metropolitan Statistical Area","Richmond, IN",65936
"Metropolitan Statistical Area","Athens, OH",65818
"Metropolitan Statistical Area","Nacogdoches, TX",65711
"Metropolitan Statistical Area","Shelton, WA",65507
"Metropolitan Statistical Area","Marion, OH",65256
"Metropolitan Statistical Area","Roswell, NM",64689
"Metropolitan Statistical Area","Somerset, KY",64623
"Metropolitan Statistical Area","Rio Grande City - Roma, TX",64525
"Metropolitan Statistical Area","Coos Bay, OR",64389
"Metropolitan Statistical Area","Clearlake, CA",64382
"Metropolitan Statistical Area","Baraboo, WI",64249
"Metropolitan Statistical Area","Red Bluff, CA",63916
"Metropolitan Statistical Area","Martinsville, VA",63855
"Metropolitan Statistical Area","Dublin, GA",63842
"Metropolitan Statistical Area","Jasper, AL",63711
"Metropolitan Statistical Area","Marinette, WI-MI",63417
"Metropolitan Statistical Area","Lewiston, ID-WA",63018
"Metropolitan Statistical Area","Hutchinson, KS",62342
"Metropolitan Statistical Area","Georgetown, SC",62249
"Metropolitan Statistical Area","Albemarle, NC",62075
"Metropolitan Statistical Area","Mount Vernon, OH",61893
"Metropolitan Statistical Area","Charleston - Mattoon, IL",61693
"Metropolitan Statistical Area","Sanford, NC",61452
"Metropolitan Statistical Area","Sturgis, MI",61043
"Metropolitan Statistical Area","Laconia, NH",61022
"Metropolitan Statistical Area","Walla Walla, WA",60922
"Metropolitan Statistical Area","Enid, OK",60913
"Metropolitan Statistical Area","Sayre, PA",60833
"Metropolitan Statistical Area","Gillette, WY",60557
"Metropolitan Statistical Area","Granbury, TX",60537
"Metropolitan Statistical Area","Salina, KS",60203
"Metropolitan Statistical Area","Marietta, OH",60155
"Metropolitan Statistical Area","Hudson, NY",59916
"Metropolitan Statistical Area","Oneonta, NY",59749
"Metropolitan Statistical Area","Crossville, TN",59673
"Metropolitan Statistical Area","Starkville, MS",59387
"Metropolitan Statistical Area","Columbus, MS",58930
"Metropolitan Statistical Area","Fergus Falls, MN",58812
"Metropolitan Statistical Area","Fremont, OH",58799
"Metropolitan Statistical Area","Fort Madison - Keokuk, IA-IL-MO",58741
"Metropolitan Statistical Area","Rutland, VT",58672
"Metropolitan Statistical Area","Norwalk, OH",58504
"Metropolitan Statistical Area","Eagle Pass, TX",58485
"Metropolitan Statistical Area","Ardmore, OK",58311
"Metropolitan Statistical Area","Barre, VT",58140
"Metropolitan Statistical Area","Palestine, TX",58057
"Metropolitan Statistical Area","Carlsbad - Artesia, NM",57900
"Metropolitan Statistical Area","Calhoun, GA",57685
"Metropolitan Statistical Area","Cullowhee, NC",57572
"Metropolitan Statistical Area","Batavia, NY",57511
"Metropolitan Statistical Area","Gaffney, SC",57078
"Metropolitan Statistical Area","Point Pleasant, WV-OH",56697
"Metropolitan Statistical Area","Durango, CO",56310
"Metropolitan Statistical Area","Kearney, NE",56159
"Metropolitan Statistical Area","Fairmont, WV",56097
"Metropolitan Statistical Area","Poplar Bluff, MO",56040
"Metropolitan Statistical Area","Kinston, NC",55976
"Metropolitan Statistical Area","Boone, NC",55945
"Metropolitan Statistical Area","Branson, MO",55852
"Metropolitan Statistical Area","Fernley, NV",55808
"Metropolitan Statistical Area","Sterling, IL",55626
"Metropolitan Statistical Area","Carson City, NV",55414
"Metropolitan Statistical Area","Picayune, MS",55387
"Metropolitan Statistical Area","Tiffin, OH",55207
"Metropolitan Statistical Area","Waycross, GA",55069
"Metropolitan Statistical Area","Batesville, AR",55044
"Metropolitan Statistical Area","Edwards, CO",54993
"Metropolitan Statistical Area","Jasper, IN",54975
"Metropolitan Statistical Area","Oxford, MS",54793
"Metropolitan Statistical Area","Danville, KY",54744
"Metropolitan Statistical Area","Sonora, CA",54539
"Metropolitan Statistical Area","Elko, NV",54463
"Metropolitan Statistical Area","Ontario, OR-ID",54276
"Metropolitan Statistical Area","Glasgow, KY",54206
"Metropolitan Statistical Area","Payson, AZ",53889
"Metropolitan Statistical Area","Ashland, OH",53745
"Metropolitan Statistical Area","St. Marys, GA",53677
"Metropolitan Statistical Area","Warrensburg, MO",53652
"Metropolitan Statistical Area","Gloversville, NY",53591
"Metropolitan Statistical Area","Athens, TN",53285
"Metropolitan Statistical Area","Milledgeville, GA",53171
"Metropolitan Statistical Area","Elizabeth City, NC",53061
"Metropolitan Statistical Area","Cedar City, UT",52775
"Metropolitan Statistical Area","Jacksonville, TX",52592
"Metropolitan Statistical Area","Rexburg, ID",52472
"Metropolitan Statistical Area","Kerrville, TX",52405
"Metropolitan Statistical Area","Alice, TX",52034
"Metropolitan Statistical Area","Fort Leonard Wood, MO",52014
"Metropolitan Statistical Area","Enterprise, AL",51909
"Metropolitan Statistical Area","Bartlesville, OK",51843
"Metropolitan Statistical Area","Scottsboro, AL",51736
"Metropolitan Statistical Area","Platteville, WI",51554
"Metropolitan Statistical Area","Douglas, GA",51390
"Metropolitan Statistical Area","Greenville, OH",51323
"Metropolitan Statistical Area","Oil City, PA",51266
"Metropolitan Statistical Area","Alexander City, AL",51212
"Metropolitan Statistical Area","Rochelle, IL",50923
"Metropolitan Statistical Area","Winona, MN",50825
"Metropolitan Statistical Area","Natchez, MS-LA",50764
"Metropolitan Statistical Area","Malone, NY",50293
"Metropolitan Statistical Area","Galesburg, IL",50112
"Metropolitan Statistical Area","Mason City, IA",50100
"Metropolitan Statistical Area","Pullman, WA",49791
"Metropolitan Statistical Area","Morgan City, LA",49774
"Metropolitan Statistical Area","Paris, TX",49728
"Metropolitan Statistical Area","Corsicana, TX",49565
"Metropolitan Statistical Area","Amsterdam, NY",49455
"Metropolitan Statistical Area","Clovis, NM",49437
"Metropolitan Statistical Area","Newport, OR",49388
"Metropolitan Statistical Area","Del Rio, TX",49208
"Metropolitan Statistical Area","Shelbyville, TN",49038
"Metropolitan Statistical Area","Ozark, AL",48956
"Metropolitan Statistical Area","Fort Polk South, LA",48860
"Metropolitan Statistical Area","Tahlequah, OK",48675
"Metropolitan Statistical Area","Sidney, OH",48627
"Metropolitan Statistical Area","Cadillac, MI",48579
"Metropolitan Statistical Area","Norfolk, NE",48504
"Metropolitan Statistical Area","Gardnerville Ranchos, NV",48467
"Metropolitan Statistical Area","New Castle, IN",48271
"Metropolitan Statistical Area","Cañon City, CO",48021
"Metropolitan Statistical Area","Cortland, NY",47823
"Metropolitan Statistical Area","Kendallville, IN",47532
"Metropolitan Statistical Area","Ellensburg, WA",47364
"Metropolitan Statistical Area","Ruston, LA",47196
"Metropolitan Statistical Area","Durant, OK",47192
"Metropolitan Statistical Area","Washington, NC",47079
"Metropolitan Statistical Area","Montrose, CO",47047
"Metropolitan Statistical Area","Mount Sterling, KY",47037
"Metropolitan Statistical Area","Bemidji, MN",46847
"Metropolitan Statistical Area","Bogalusa, LA",46582
"Metropolitan Statistical Area","Clinton, IA",46518
"Metropolitan Statistical Area","Nogales, AZ",46511
"Metropolitan Statistical Area","Red Wing, MN",46403
"Metropolitan Statistical Area","Plymouth, IN",46248
"Metropolitan Statistical Area","Blackfoot, ID",46236
"Metropolitan Statistical Area","Lewistown, PA",46222
"Metropolitan Statistical Area","Vicksburg, MS",46176
"Metropolitan Statistical Area","Mount Pleasant, TX",46066
"Metropolitan Statistical Area","Bardstown, KY",45851
"Metropolitan Statistical Area","Burlington, IA-IL",45847
"Metropolitan Statistical Area","Wapakoneta, OH",45804
"Metropolitan Statistical Area","Hillsdale, MI",45749
"Metropolitan Statistical Area","Bedford, IN",45668
"Metropolitan Statistical Area","Moultrie, GA",45592
"Metropolitan Statistical Area","Marion, NC",45507
"Metropolitan Statistical Area","Shawano, WI",45454
"Metropolitan Statistical Area","Cornelia, GA",45388
"Metropolitan Statistical Area","Bellefontaine, OH",45358
"Metropolitan Statistical Area","Pahrump, NV",45346
"Metropolitan Statistical Area","Paragould, AR",45325
"Metropolitan Statistical Area","Harrison, AR",45285
"Metropolitan Statistical Area","Huntingdon, PA",45168
"Metropolitan Statistical Area","Menomonie, WI",45131
"Metropolitan Statistical Area","Grand Rapids, MN",45108
"Metropolitan Statistical Area","Madisonville, KY",45068
"Metropolitan Statistical Area","Greenville, MS",45063
"Metropolitan Statistical Area","Rockingham, NC",44887
"Metropolitan Statistical Area","Lewisburg, PA",44785
"Metropolitan Statistical Area","Freeport, IL",44753
"Metropolitan Statistical Area","Rolla, MO",44732
"Metropolitan Statistical Area","Sandpoint, ID",44727
"Metropolitan Statistical Area","Burley, ID",44689
"Metropolitan Statistical Area","Henderson, NC",44582
"Metropolitan Statistical Area","Thomasville, GA",44448
"Metropolitan Statistical Area","Ponca City, OK",44161
"Metropolitan Statistical Area","Seymour, IN",44111
"Metropolitan Statistical Area","McAlester, OK",43877
"Metropolitan Statistical Area","Lawrenceburg, TN",43734
"Metropolitan Statistical Area","Coldwater, MI",43622
"Metropolitan Statistical Area","Big Rapids, MI",43545
"Metropolitan Statistical Area","Duncan, OK",43265
"Metropolitan Statistical Area","Auburn, IN",43226
"Metropolitan Statistical Area","Aberdeen, SD",43191
"Metropolitan Statistical Area","Rock Springs, WY",43051
"Metropolitan Statistical Area","Muscatine, IA",42929
"Metropolitan Statistical Area","Willmar, MN",42855
"Metropolitan Statistical Area","Sedalia, MO",42542
"Metropolitan Statistical Area","Cedartown, GA",42470
"Metropolitan Statistical Area","Stephenville, TX",42446
"Metropolitan Statistical Area","Wilmington, OH",42057
"Metropolitan Statistical Area","Big Stone Gap, VA",41980
"Metropolitan Statistical Area","El Campo, TX",41619
"Metropolitan Statistical Area","Mountain Home, AR",41619
"Metropolitan Statistical Area","Clewiston, FL",41556
"Metropolitan Statistical Area","Bucyrus - Galion, OH",41550
"Metropolitan Statistical Area","Okeechobee, FL",41537
"Metropolitan Statistical Area","Blytheville, AR",41239
"Metropolitan Statistical Area","Bradford, PA",40968
"Metropolitan Statistical Area","Celina, OH",40959
"Metropolitan Statistical Area","McMinnville, TN",40878
"Metropolitan Statistical Area","Alma, MI",40599
"Metropolitan Statistical Area","Gainesville, TX",40574
"Metropolitan Statistical Area","Tifton, GA",40571
"Metropolitan Statistical Area","Garden City, KS",40554
"Metropolitan Statistical Area","Selinsgrove, PA",40540
"Metropolitan Statistical Area","Moscow, ID",40134
"Metropolitan Statistical Area","West Plains, MO",40076
"Metropolitan Statistical Area","Austin, MN",40011
"Metropolitan Statistical Area","Marshalltown, IA",39981
"Metropolitan Statistical Area","Astoria, OR",39764
"Metropolitan Statistical Area","McComb, MS",39563
"Metropolitan Statistical Area","Riverton, WY",39531
"Metropolitan Statistical Area","Warren, PA",39498
"Metropolitan Statistical Area","Murray, KY",39135
"Metropolitan Statistical Area","El Dorado, AR",39126
"Metropolitan Statistical Area","Cambridge, OH",39022
"Metropolitan Statistical Area","Pittsburg, KS",39019
"Metropolitan Statistical Area","Española, NM",39006
"Metropolitan Statistical Area","Jacksonville, IL",38902
"Metropolitan Statistical Area","Greenwood, MS",38830
"Metropolitan Statistical Area","Hannibal, MO",38804
"Metropolitan Statistical Area","Minden, LA",38798
"Metropolitan Statistical Area","Urbana, OH",38754
"Metropolitan Statistical Area","Lock Haven, PA",38684
"Metropolitan Statistical Area","Natchitoches, LA",38659
"Metropolitan Statistical Area","Laramie, WY",38601
"Metropolitan Statistical Area","Newberry, SC",38520
"Metropolitan Statistical Area","Sikeston, MO",38458
"Metropolitan Statistical Area","Crawfordsville, IN",38346
"Metropolitan Statistical Area","Houghton, MI",38332
"Metropolitan Statistical Area","Selma, AL",38310
"Metropolitan Statistical Area","Ada, OK",38247
"Metropolitan Statistical Area","Defiance, OH",38165
"Metropolitan Statistical Area","Safford, AZ",38072
"Metropolitan Statistical Area","Alexandria, MN",37964
"Metropolitan Statistical Area","Logansport, IN",37955
"Metropolitan Statistical Area","Brownwood, TX",37924
"Metropolitan Statistical Area","Scottsbluff, NE",37906
"Metropolitan Statistical Area","Coamo, PR",37845
"Metropolitan Statistical Area","Mount Vernon, IL",37820
"Metropolitan Statistical Area","Centralia, IL",37620
"Metropolitan Statistical Area","Sault Ste. Marie, MI",37517
"Metropolitan Statistical Area","Arcadia, FL",37489
"Metropolitan Statistical Area","Dyersburg, TN",37320
"Metropolitan Statistical Area","Mayfield, KY",37317
"Metropolitan Statistical Area","DeRidder, LA",37253
"Metropolitan Statistical Area","Easton, MD",36968
"Metropolitan Statistical Area","Corinth, MS",36925
"Metropolitan Statistical Area","Vincennes, IN",36895
"Metropolitan Statistical Area","Sulphur Springs, TX",36810
"Metropolitan Statistical Area","Owatonna, MN",36803
"Metropolitan Statistical Area","Fremont, NE",36791
"Metropolitan Statistical Area","Atmore, AL",36748
"Metropolitan Statistical Area","Coshocton, OH",36629
"Metropolitan Statistical Area","Campbellsville, KY",36598
"Metropolitan Statistical Area","Bay City, TX",36552
"Metropolitan Statistical Area","Kill Devil Hills, NC",36501
"Metropolitan Statistical Area","Big Spring, TX",36459
"Metropolitan Statistical Area","North Platte, NE",36426
"Metropolitan Statistical Area","Fort Dodge, IA",36277
"Metropolitan Statistical Area","Huntington, IN",36240
"Metropolitan Statistical Area","Vidalia, GA",36080
"Metropolitan Statistical Area","Emporia, KS",36035
"Metropolitan Statistical Area","Hutchinson, MN",35873
"Metropolitan Statistical Area","Escanaba, MI",35857
"Metropolitan Statistical Area","Newport, TN",35774
"Metropolitan Statistical Area","Pontiac, IL",35761
"Metropolitan Statistical Area","Lebanon, MO",35713
"Metropolitan Statistical Area","Decatur, IN",35636
"Metropolitan Statistical Area","Bennington, VT",35631
"Metropolitan Statistical Area","Peru, IN",35567
"Metropolitan Statistical Area","Vernal, UT",35438
"Metropolitan Statistical Area","Williston, ND",35350
"Metropolitan Statistical Area","Bonham, TX",35286
"Metropolitan Statistical Area","Brookings, SD",35232
"Metropolitan Statistical Area","Winfield, KS",35218
"Metropolitan Statistical Area","Ottumwa, IA",35205
"Metropolitan Statistical Area","Brenham, TX",35108
"Metropolitan Statistical Area","Butte - Silver Bow, MT",34993
"Metropolitan Statistical Area","Americus, GA",34969
"Metropolitan Statistical Area","Laurinburg, NC",34810
"Metropolitan Statistical Area","Jackson, WY-ID",34721
"Metropolitan Statistical Area","Angola, IN",34586
"Metropolitan Statistical Area","Seneca Falls, NY",34300
"Metropolitan Statistical Area","Dixon, IL",34223
"Metropolitan Statistical Area","Brevard, NC",34215
"Metropolitan Statistical Area","Effingham, IL",34208
"Metropolitan Statistical Area","Brookhaven, MS",34205
"Metropolitan Statistical Area","Watertown, SD",34126
"Metropolitan Statistical Area","Dodge City, KS",33888
"Metropolitan Statistical Area","Plainview, TX",33830
"Metropolitan Statistical Area","Malvern, AR",33701
"Metropolitan Statistical Area","Lewisburg, TN",33683
"Metropolitan Statistical Area","Martin, TN",33415
"Metropolitan Statistical Area","Pella, IA",33407
"Metropolitan Statistical Area","Columbus, NE",33363
"Metropolitan Statistical Area","Troy, AL",33338
"Metropolitan Statistical Area","Washington, IN",33147
"Metropolitan Statistical Area","Dayton, TN",33044
"Metropolitan Statistical Area","Taos, NM",32835
"Metropolitan Statistical Area","Taylorville, IL",32661
"Metropolitan Statistical Area","Mount Gay - Shamrock (Logan), WV",32607
"Metropolitan Statistical Area","Beeville, TX",32587
"Metropolitan Statistical Area","Jackson, OH",32384
"Metropolitan Statistical Area","Paris, TN",32358
"Metropolitan Statistical Area","Frankfort, IN",32250
"Metropolitan Statistical Area","Madison, IN",32208
"Metropolitan Statistical Area","Coffeyville, KS",32120
"Metropolitan Statistical Area","Juneau, AK",32113
"Metropolitan Statistical Area","Las Vegas, NM",32097
"Metropolitan Statistical Area","Cambridge, MD",31998
"Metropolitan Statistical Area","Dickinson, ND",31916
"Metropolitan Statistical Area","Berlin, NH",31589
"Metropolitan Statistical Area","Jennings, LA",31582
"Metropolitan Statistical Area","Kingsville, TX",31571
"Metropolitan Statistical Area","Hastings, NE",31511
"Metropolitan Statistical Area","Cleveland, MS",31333
"Metropolitan Statistical Area","Wabash, IN",31280
"Metropolitan Statistical Area","Miami, OK",31175
"Metropolitan Statistical Area","Breckenridge, CO",31007
"Metropolitan Statistical Area","Susanville, CA",30802
"Metropolitan Statistical Area","Central City, KY",30774
"Metropolitan Statistical Area","Albert Lea, MN",30444
"Metropolitan Statistical Area","Union City, TN",30267
"Metropolitan Statistical Area","Sheridan, WY",30233
"Metropolitan Statistical Area","St. Marys, PA",30169
"Metropolitan Statistical Area","Hope, AR",30067
"Metropolitan Statistical Area","Macomb, IL",29955
"Metropolitan Statistical Area","Kirksville, MO",29938
"Metropolitan Statistical Area","Jesup, GA",29808
"Metropolitan Statistical Area","Iron Mountain, MI-WI",29704
"Metropolitan Statistical Area","Kennett, MO",29423
"Metropolitan Statistical Area","Ludington, MI",29100
"Metropolitan Statistical Area","Weatherford, OK",29036
"Metropolitan Statistical Area","Lincoln, IL",28925
"Metropolitan Statistical Area","Camden, AR",28883
"Metropolitan Statistical Area","Mineral Wells, TX",28875
"Metropolitan Statistical Area","Elkins, WV",28823
"Metropolitan Statistical Area","Hays, KS",28710
"Metropolitan Statistical Area","Washington Court House, OH",28666
"Metropolitan Statistical Area","Fort Morgan, CO",28558
"Metropolitan Statistical Area","McPherson, KS",28537
"Metropolitan Statistical Area","Alpena, MI",28360
"Metropolitan Statistical Area","Van Wert, OH",28281
"Metropolitan Statistical Area","Crescent City, CA",27828
"Metropolitan Statistical Area","North Vernon, IN",27611
"Metropolitan Statistical Area","Union, SC",27410
"Metropolitan Statistical Area","Silver City, NM",27346
"Metropolitan Statistical Area","Mountain Home, ID",27259
"Metropolitan Statistical Area","Wauchula, FL",27245
"Metropolitan Statistical Area","Eufaula, AL-GA",27160
"Metropolitan Statistical Area","Coco (Salinas), PR",27083
"Metropolitan Statistical Area","Uvalde, TX",26846
"Metropolitan Statistical Area","Fredericksburg, TX",26804
"Metropolitan Statistical Area","Greensburg, IN",26794
"Metropolitan Statistical Area","Grants, NM",26746
"Metropolitan Statistical Area","Bainbridge, GA",26575
"Metropolitan Statistical Area","Middlesborough, KY",26569
"Metropolitan Statistical Area","The Dalles, OR",26505
"Metropolitan Statistical Area","La Grande, OR",26461
"Metropolitan Statistical Area","Bennettsville, SC",26398
"Metropolitan Statistical Area","Thomaston, GA",26215
"Metropolitan Statistical Area","Great Bend, KS",26111
"Metropolitan Statistical Area","Toccoa, GA",26035
"Metropolitan Statistical Area","Spearfish, SD",25741
"Metropolitan Statistical Area","Indianola, MS",25735
"Metropolitan Statistical Area","Steamboat Springs, CO",25733
"Metropolitan Statistical Area","Lexington, NE",25705
"Metropolitan Statistical Area","Ottawa, KS",25631
"Metropolitan Statistical Area","Marshall, MN",25629
"Metropolitan Statistical Area","Mexico, MO",25473
"Metropolitan Statistical Area","Forrest City, AR",25439
"Metropolitan Statistical Area","New Ulm, MN",25111
"Metropolitan Statistical Area","Altus, OK",24949
"Metropolitan Statistical Area","Summerville, GA",24790
"Metropolitan Statistical Area","Moberly, MO",24763
"Metropolitan Statistical Area","Fallon, NV",24440
"Metropolitan Statistical Area","Woodward, OK",24174
"Metropolitan Statistical Area","Deming, NM",23963
"Metropolitan Statistical Area","Scottsburg, IN",23878
"Metropolitan Statistical Area","Prineville, OR",23867
"Metropolitan Statistical Area","Rockport, TX",23792
"Metropolitan Statistical Area","Hailey, ID",23728
"Metropolitan Statistical Area","Magnolia, AR",23537
"Metropolitan Statistical Area","Hood River, OR",23428
"Metropolitan Statistical Area","Mitchell, SD",23166
"Metropolitan Statistical Area","Connersville, IN",23047
"Metropolitan Statistical Area","Levelland, TX",22980
"Metropolitan Statistical Area","Marshall, MO",22895
"Metropolitan Statistical Area","Yankton, SD",22869
"Metropolitan Statistical Area","Brookings, OR",22813
"Metropolitan Statistical Area","Pampa, TX",22798
"Metropolitan Statistical Area","Clarksdale, MS",22628
"Metropolitan Statistical Area","Cordele, GA",22601
"Metropolitan Statistical Area","Wahpeton, ND-MN",22493
"Metropolitan Statistical Area","Maryville, MO",22304
"Metropolitan Statistical Area","Arkadelphia, AR",22061
"Metropolitan Statistical Area","Oskaloosa, IA",22000
"Metropolitan Statistical Area","Worthington, MN",21924
"Metropolitan Statistical Area","Liberal, KS",21780
"Metropolitan Statistical Area","Elk City, OK",21709
"Metropolitan Statistical Area","Port Lavaca, TX",21561
"Metropolitan Statistical Area","Sterling, CO",21528
"Metropolitan Statistical Area","Raymondville, TX",21515
"Metropolitan Statistical Area","Beatrice, NE",21493
"Metropolitan Statistical Area","Dumas, TX",21485
"Metropolitan Statistical Area","Borger, TX",21198
"Metropolitan Statistical Area","Grenada, MS",21055
"Metropolitan Statistical Area","Santa Isabel, PR",21037
"Metropolitan Statistical Area","Huron, SD",20926
"Metropolitan Statistical Area","Jamestown, ND",20917
"Metropolitan Statistical Area","Pierre, SD",20672
"Metropolitan Statistical Area","Guymon, OK",20455
"Metropolitan Statistical Area","Evanston, WY",20299
"Metropolitan Statistical Area","Price, UT",20269
"Metropolitan Statistical Area","Carroll, IA",20154
"Metropolitan Statistical Area","Parsons, KS",19964
"Metropolitan Statistical Area","Storm Lake, IA",19874
"Metropolitan Statistical Area","Pearsall, TX",19816
"Metropolitan Statistical Area","Fairmont, MN",19785
"Metropolitan Statistical Area","Othello, WA",19759
"Metropolitan Statistical Area","Ruidoso, NM",19556
"Metropolitan Statistical Area","West Point, MS",19386
"Metropolitan Statistical Area","Los Alamos, NM",19101
"Metropolitan Statistical Area","Hereford, TX",18760
"Metropolitan Statistical Area","Portales, NM",18743
"Metropolitan Statistical Area","Fairfield, IA",18381
"Metropolitan Statistical Area","Andrews, TX",18128
"Metropolitan Statistical Area","Helena - West Helena, AR",18029
"Metropolitan Statistical Area","Vineyard Haven, MA",17352
"Metropolitan Statistical Area","Brownsville, TN",17335
"Metropolitan Statistical Area","Spirit Lake, IA",17153
"Metropolitan Statistical Area","Maysville, KY",17150
"Metropolitan Statistical Area","Snyder, TX",16866
"Metropolitan Statistical Area","Fitzgerald, GA",16787
"Metropolitan Statistical Area","Winnemucca, NV",16786
"Metropolitan Statistical Area","Atchison, KS",16193
"Metropolitan Statistical Area","Spencer, IA",16134
"Metropolitan Statistical Area","Pecos, TX",15847
"Metropolitan Statistical Area","Sweetwater, TX",14751
"Metropolitan Statistical Area","Zapata, TX",14190
"Metropolitan Statistical Area","Vermillion, SD",14041
"Metropolitan Statistical Area","Jayuya, PR",13947
"Metropolitan Statistical Area","Ketchikan, AK",13918
"Metropolitan Statistical Area","Craig, CO",13188
"Metropolitan Statistical Area","Vernon, TX",12820
"Metropolitan Statistical Area","Lamesa, TX",12619